Configuracion,TiempoMedio_s,MejorValor,Media,DesviacionEstandar,MejorIndividuo,RMSE
"Pm = 0.00, sigma = 0.00",0.01476892,0.281718172171843,0.282302860406094,0.00130740055590215,[-7.7424428e-11 5.4226928e-11 1.1014965e-11 9.2817638e-12 6.900754e-11 2.9444897e-10 2.0948471e-10 1.4092267e-10 2.9031251e-10 1.149284e-11],0.0013074012543503
"Pm = 0.05, sigma = 0.10",0.01527336,0.28171817299485,0.281718176991796,3.42644567636296e-09,[-3.6188284e-10 2.8106143e-11 4.4073463e-10 -3.432114e-10 -1.8733347e-10 -6.5679056e-10 -1.8429555e-10 -2.233786e-10 -3.1248809e-10 4.7891774e-10],6.25332638426266e-09
"Pm = 0.05, sigma = 0.50",0.01535726,0.281718172423417,0.281718175707577,2.94915058815151e-09,[1.4641213e-10 -2.5869197e-10 -1.9866025e-10 -1.9082255e-10 -2.1212583e-10 -2.0195016e-11 2.4607663e-10 -1.5347953e-10 -8.8022686e-11 4.3035967e-10],4.93140274612547e-09
"Pm = 0.05, sigma = 1.00",0.0162727,0.281718173503592,0.28171817630882,2.67231196835342e-09,[-2.1896139e-10 9.540096e-10 5.0548498e-10 -2.0639234e-11 3.9074311e-10 -4.6561176e-10 -6.3643315e-10 3.6618454e-10 -9.334837e-11 5.2546924e-10],5.33343593329048e-09
"Pm = 0.10, sigma = 0.10",0.01599438,0.281718174321934,0.281718179417192,4.58250906423609e-09,[-1.6565858e-10 9.9012714e-10 -3.9731688e-10 -4.485981e-10 6.3814617e-10 -2.8641765e-10 8.0147171e-10 -4.637492e-10 -6.7198713e-10 -1.2917064e-09],8.87888654458834e-09
"Pm = 0.10, sigma = 0.50",0.01538888,0.281718174100394,0.281718185371421,1.50044980937024e-08,[-1.0364222e-09 5.1728349e-10 3.9217574e-10 3.371747e-11 -3.8201581e-11 1.5671404e-09 -1.6791491e-10 -1.5093878e-10 -2.578649e-10 -1.5047886e-10],1.92714753751784e-08
"Pm = 0.10, sigma = 1.00",0.01492908,0.281718175558776,0.281718179375041,2.7748115736442e-09,[8.1205288e-11 -1.2110291e-09 4.9897889e-10 -9.2194746e-10 -6.5522024e-10 1.6260386e-09 -3.2771089e-10 8.9885821e-10 -1.8107382e-09 -4.9971964e-10],8.21781991290832e-09
"Pm = 0.20, sigma = 0.10",0.01498654,0.28171819993598,0.281718220526893,2.05079829046865e-08,[8.6543997e-09 3.2939769e-09 1.895978e-08 1.9344781e-09 2.1538635e-09 2.0297823e-09 -4.09324e-09 -1.4537532e-09 -5.0954497e-09 1.1696839e-09],5.23075909426782e-08
"Pm = 0.20, sigma = 0.50",0.01682236,0.281718188382481,0.28171822598316,3.3841792030258e-08,[-7.8494163e-09 1.308094e-09 1.0954482e-09 -4.0307962e-09 2.3761735e-09 -1.6689836e-09 4.4998179e-09 4.8300428e-09 -2.4640252e-09 -6.1984292e-09],6.22909885126766e-08
"Pm = 0.20, sigma = 1.00",0.01539672,0.281718199253625,0.28171821840256,1.89388368621037e-08,[-7.2715351e-10 -7.9035321e-09 -4.6714341e-09 2.7806284e-09 -3.1973098e-09 -2.4181527e-09 -7.7884511e-09 1.0958137e-08 3.1808219e-09 1.3435687e-08],4.98292448221556e-08
"Pm = 0.50, sigma = 0.10",0.01602278,0.281719461086347,0.281725055165133,7.30449491413729e-06,[-3.7001054e-07 7.8961835e-08 2.0331091e-07 7.6976693e-08 3.3883957e-07 1.0954645e-08 -1.1570289e-07 4.6131175e-07 1.2118418e-07 -7.0221336e-07],9.49045829194773e-06
"Pm = 0.50, sigma = 0.50",0.0157861,0.281720150446272,0.281723458300066,2.93727380218734e-06,[-4.5393188e-07 6.6702926e-07 3.4123912e-07 4.2793806e-07 1.9641025e-07 5.7063073e-07 -7.3255316e-07 -6.1939251e-07 -4.6031094e-07 -2.4250373e-08],5.90354840790691e-06
"Pm = 0.50, sigma = 1.00",0.0159366,0.281726696425785,0.28172907903182,2.04519871182393e-06,[-3.0769445e-07 2.4745832e-06 3.8574577e-06 2.8250524e-06 1.1728064e-06 -2.1640369e-06 -1.321721e-07 1.97688e-06 -1.4920316e-06 -2.032021e-06],1.10598203955178e-05
"Pm = 0.80, sigma = 0.10",0.01632376,0.281994061730483,0.282080527521504,0.000132257257118949,[4.7648186e-05 -0.00015797861 8.9661288e-05 4.7488603e-05 -2.4246813e-05 6.0447559e-05 -7.1924193e-05 5.9238826e-06 -1.6558744e-05 1.545503e-05],0.000381176392616935
"Pm = 0.80, sigma = 0.50",0.0162013,0.282545887791461,0.283071761426381,0.000766563900180504,[4.9536479e-05 -0.00044482125 -1.2341227e-05 -6.7536729e-05 0.00019294866 -7.8437641e-05 -0.00012104164 -0.00019763666 0.00018468527 -0.00029936285],0.00151733376301199
"Pm = 0.80, sigma = 1.00",0.01647908,0.282963720103304,0.283495459242653,0.000713437910783695,[-0.00029514413 -0.0002986994 0.00042063569 0.00049227357 -0.00030547974 -0.00024222638 7.7879168e-05 -0.00045338428 -8.4310246e-06 -4.8764662e-05],0.00188837138737154
