Configuracion,TiempoMedio_s,MejorValor,Media,DesviacionEstandar,MejorIndividuo
"Pm = 0.00, magnitud = 0.00",6.24908672,711.843168306101,812.353416074001,59.1756729796871,[1978.7194 2877.8393 2544.1331 1822.3321 70.638026 225.28067 1119.4321 276.23077 930.19988 119.17511 1599.3419 4028.0747 1344.6239 2679.7127]
"Pm = 0.05, magnitud = 0.01",6.36692626,651.132904530566,689.251160035954,32.7604614905866,[976.11731 3228.1951 2281.8276 1764.6149 65.182461 312.90399 1269.0661 366.58935 899.76804 168.75546 1552.338 4247.4033 1326.9974 2715.8926]
"Pm = 0.05, magnitud = 0.05",6.55021542,474.18509832384,488.075522766716,16.8629612733223,[543.23163 3887.6804 2904.4013 2994.3955 128.05977 371.2064 200.33483 111.9833 825.21226 306.9274 1988.8481 4941.013 1135.5925 2934.58]
"Pm = 0.05, magnitud = 0.10",6.33626934,408.711559676774,432.860695934143,18.3623253788638,[165.05159 2767.1345 2653.3038 2289.8736 55.722522 687.66566 849.15909 504.67672 1423.8708 464.26293 1985.8182 4950.2712 1492.3432 2998.4924]
"Pm = 0.05, magnitud = 0.20",6.6389765,391.813997277501,407.412646894051,10.7212601310042,[231.51301 4009.9055 2929.7544 2742.9387 118.26186 224.93146 10.066051 494.10986 1500 365.81904 1974.2966 4993.9 1460.0827 2973.9937]
"Pm = 0.10, magnitud = 0.01",6.22034002,602.460179010694,651.453601439694,35.9131949810286,[1191.6993 3472.8086 2475.1379 2016.7177 72.711552 236.85214 1107.1831 284.52115 796.99704 130.62654 1698.8956 4481.1187 1363.5065 2898.4809]
"Pm = 0.10, magnitud = 0.05",6.85179124,429.513936531206,440.792776507529,13.6223759683572,[927.33612 3618.6073 2611.9438 2020.1767 78.41612 389.49328 560.18016 453.24682 963.9464 317.9517 1990.2319 4984.1581 1492.0154 2985.3904]
"Pm = 0.10, magnitud = 0.10",6.6120149,382.207617942433,393.203352916357,8.72293694001882,[250.56635 3363.1362 2510.0697 2056.077 59.855218 745.64731 408.23539 630.02149 1207.1299 463.39366 1995.0896 4981.78 1488.7591 2989.1563]
"Pm = 0.10, magnitud = 0.20",6.60931224,360.647204199745,370.636916578404,8.42374181122295,[168.15648 2698.4313 3171.6153 2387.5832 29.892924 1179.8804 14.41583 516.54989 1322.9143 487.51 1996.894 4988.7743 1500 2993.9164]
"Pm = 0.20, magnitud = 0.01",6.95760164,537.094722633541,631.300261935952,55.8227350313084,[1344.9555 3375.1805 2395.2705 1856.3359 59.682425 164.36969 1159.7332 277.10162 1003.0751 134.07475 1937.1129 4891.219 1485.788 2975.9096]
"Pm = 0.20, magnitud = 0.05",6.54660656,395.770063970057,408.788183921327,11.9914304193285,[304.49589 3884.5058 2656.0437 2026.6269 67.447803 391.01866 654.01879 421.78315 1171.9823 480.26554 1991.643 4992.7137 1495.5226 3000]
"Pm = 0.20, magnitud = 0.10",6.54320208,361.795813632481,366.164820392648,5.11858518743573,[248.46951 3490.2219 3384.2789 2046.9924 44.993909 667.40338 0 645.59915 1380.6422 472.25616 1994.9955 4982.1734 1491.4502 2993.0181]
"Pm = 0.20, magnitud = 0.20",6.2421771,349.982289360313,361.66877627962,8.31561305932865,[207.78456 2749.8988 3074.2094 1994.2693 13.041619 1185.2281 11.306351 668.8188 1463.5075 500 1998.8372 4994.0928 1498.1237 2998.1082]
"Pm = 0.50, magnitud = 0.01",6.48904126,511.792389768219,572.877760378087,39.9142771097644,[1119.8979 3595.0253 2417.1053 1993.8395 61.014304 289.69939 972.3222 316.43442 962.82675 178.14404 1840.4469 4911.1463 1482.2978 2995.7427]
"Pm = 0.50, magnitud = 0.05",6.41215048,361.021842319264,370.020442592546,7.42336878180194,[187.33652 3385.549 3071.475 2037.6143 76.42886 952.8961 42.377018 526.97527 1400.0717 443.94104 1994.8126 4983.9106 1496.7331 2992.4446]
"Pm = 0.50, magnitud = 0.10",6.2201578,341.939384723391,345.74751203861,4.26745379442712,[135.14944 3084.6421 3216.7556 1496.9308 59.817209 1180.9509 8.5224596 750.90429 1347.4445 486.78401 1997.7097 4997.9879 1498.075 2999.1103]
"Pm = 0.50, magnitud = 0.20",6.07463048,340.623505413788,343.831879408644,2.53460513873938,[120.02492 3005.5161 2929.2861 1610.935 25.222854 1190.1614 2.1714815 751.60567 1483.2229 498.15139 1999.5368 4997.633 1498.831 3000]
"Pm = 0.80, magnitud = 0.01",5.79786542,521.983595504293,560.13132728275,33.2464177774939,[487.36402 3847.3625 2653.5764 2041.0491 95.815913 403.11526 868.61305 386.46214 696.58519 261.37715 1468.1077 4661.7518 1377.043 2997.073]
"Pm = 0.80, magnitud = 0.05",5.58650302,350.371521933184,357.427314970935,5.52397342694322,[69.550458 3435.4771 2984.2773 1896.6589 72.874726 952.83372 19.842205 660.28625 1399.7868 471.43326 1997.6047 5000 1498.8639 2999.0635]
"Pm = 0.80, magnitud = 0.10",5.61027346,336.776296318285,340.819217950076,3.51436189977624,[133.27274 3183.2637 3054.5544 1386.8243 17.768505 1199.851 2.8057663 799.15028 1484.0277 498.94043 1999.6593 4999.5506 1499.5967 2999.4518]
"Pm = 0.80, magnitud = 0.20",6.643883,336.819345502953,339.465450668638,3.22659634679375,[134.04898 3087.6694 3007.0387 1425.5746 18.459008 1198.0061 0.077450477 798.74891 1498.3737 499.87904 1999.6283 5000 1499.9291 2999.4841]
